No.,EMT Cert,LastName,FirstName,PR#,PH#,COMMENTS,
1,0,"Acosta 

",Maximiliano  Fernando,184662,"(346) 532-6514
",0,2026D
0,0,"Adams 

",Alexis  Paige,184663,"(832) 379-8625
",0,2026D
0,0,"Adkins 

",Seth  Thomas,184745,"(719) 722-6473
",0,2026D
1,0,"Allen 

",Charles  Edward,184664,"(832) 788-0926
",TAB,2026D
1,0,"Allen 

",Floyd  Anthony,184665,"(713) 459-2740
",0,2026D
0,0,"Allen 

",Isaac  Aaron,184729,"(832) 586-1484
",0,2026D
0,0,"Andrade 

",Cristian  ,184666,"(832) 352-2171
",0,2026D
0,0,"Arceneaux 

",Devin  Jamal,184667,"(832) 849-9981
",0,2026D
1,0,"Arzac 

",Hugo  Alejandro,184735,"(346) 777-2978
",TAB,2026D
1,0,"Avila 

",Sam  ,184668,"(281) 896-9159
",0,2026D
1,0,"Avitia 

",Adrian  Andrew,184669,"(817) 939-3685
",0,2026D
1,0,"Battenfield 

",Jacob  Scott,184670,"(832) 898-9403
",0,2026D
1,0,"Blanton 

",Maeamour  Anichel,180532,"(281) 451-2669
",TAB,2026D
0,0,"Boettcher 

",Cleo  Patricia,184671,"(832) 760-4201
",0,2026D
1,0,"Branch 

",John  C,184730,"(346) 528-5781
",0,2026D
1,0,"Braunersreuther 

",Andrew  Jon,182490,"(314) 591-5688
",TAB,2026D
1,0,"Brown 

",Ezra  James,184672,"(832) 461-9685
",0,2026D
1,0,"Castillo 

",Eduardo  ,184673,"(832) 248-8639
",0,2026D
0,0,"Chavez 

",Alexis  Miguel,184674,"(336) 676-2354
",0,2026D
1,0,"Cochran 

",Jhacobe  Laron,184675,"(817) 805-0199
",0,2026D
1,0,"Coleman 

",Kevin  Ethan,184676,"(657) 749-5315
",0,2026D
1,0,"Colon 

",Jeremy  Alan,184677,"(832) 244-3855
",0,2026D
1,0,"Creer 

",King  Charles,184678,"(216) 632-2126
",0,2026D
0,0,"Curtis 

",Tyler  James,184742,"(832) 266-4789
",0,2026D
1,0,"Dodds 

",Rashad  Damani,184679,"(281) 840-1877
",0,2026D
1,0,"Dominguez 

",Jorge  ,184680,"(832) 228-8555
",0,2026D
1,0,"Edwards 

",Garret  Thomas,184741,"(713) 408-1120
",0,2026D
1,0,"Edwards 

",Kenyard  Di'Carlos,184731,"(442) 294-9691
",TAB,2026D
1,0,"Elliott 

",Seven  O'neal,184681,"(832) 208-5296
",0,2026D
1,0,"Espinoza 

",Kevin  Anthony ,184682,"(323) 847-4755
",TAB,2026D
0,0,"Evans 

",William  Aaron,184743,"(361) 945-8468
",0,2026D
0,0,"Fabiyi 

",Elijah  Ayodeji,181364,"(346) 775-5862
",0,2026D
0,0,"Foreman 

",Ethan  River,184683,"(832) 972-5125
",0,2026D
0,0,"Gibbs 

",Rochuad  Jovon,184684,"(281) 889-3542
",0,2026D
1,0,"Gomez 

",Isaii  Norberto,184685,"(832) 638-7918
",TAB,2026D
1,0,"Gomez 

",Lukas  Elias,184732,"(832) 656-3176
",0,2026D
1,0,"Harper 

",Jayston  Gage,184686,"(281) 608-3049
",0,2026D
1,0,"Heefner 

",Jacob  Matthew,183139,"(832) 922-1026
",TAB,2026D
1,0,"Hilliard 

",Erique  ,184690,"(346) 455-0385
",0,2026D
0,0,"Hubbard 

",Nevaeh  Noble,184691,"(850) 372-7804
",TAB,2026D
0,0,"Jean-Bart 

",Caiel  ,184692,"(917) 374-4202
",0,2026D
1,0,"Johnson 

",La'andre  Davon,176883,"(346) 218-9998
",0,2026D
0,0,"Jordan 

",Dorian  ,184693,"(832) 974-5970
",TAB,2026D
0,0,"Jordan 

",Jahreese  Oliver,184694,"(832) 670-9440
",0,2026D
1,0,"Macias 

",Sebastian  Andres,184695,"(321) 831-0232
",TAB,2026D
0,0,"Mares 

",Michael  Anthony,184696,"(832) 425-3121
",Graduated 8/27/26 with 2026F,2026D
1,0,"Marks 

",Dominic  Da'shun,184697,"(281) 870-6277
",0,2026D
0,0,"McDonald 

",Tevin  Darren,184698,"(719) 653-9777
",TAB,2026D
1,0,"Mckenzie 

",Jhordan  Anthony,175403,"(585) 500-2671
",0,2026D
1,0,"Menefee 

",Jesse  Nathaniel,184699,"(832) 931-5211
",0,2026D
1,0,"Meraz 

",Jacob  Anthony,184700,"(281) 979-8684
",0,2026D
1,0,"Morrow 

",Jillian  Lore,184701,"(832) 627-9767
",0,2026D
1,0,"Muro 

",Nicholas  Tyler,184702,"(858) 740-1851
",0,2026D
1,0,"Ochoa 

",Phillip  Andrew,184703,"(361) 633-8096
",0,2026D
1,0,"Ortiz 

",Gabriel  Bonisacio,184704,"(713) 823-0317
",0,2026D
1,0,"Overbey 

",Zachary  Todd,184705,"(916) 844-5386
",0,2026D
1,0,"Owens-Clemons 

",Cameron  Deshaun,184706,"(832) 892-4706
",0,2026D
0,0,"Patino 

",Rafael  Fabela,184707,"(936) 707-2932
",0,2026D
1,0,"Payton 

",Ryan  Christopher,184708,"(832) 752-9739
",0,2026D
0,0,"Perez 

",Yesenia  ,184709,"(832) 630-2712
",0,2026D
1,0,"Perine 

",Coby  ,184710,"(951) 796-5507
",TAB,2026D
0,0,"Peters 

",Julian  Noel,184711,"(346) 354-9645
",TAB,2026D
1,0,"Ramos 

",Angel  Eliseo,184712,"(305) 793-8065
",0,2026D
1,0,"Robbins 

",Eric  Andrew,184713,"(512) 705-9808
",0,2026D
1,0,"Rocha 

",Abel  Anthony,184714,"(281) 753-3437
",0,2026D
1,0,"Rodriguez 

",Miguel  Angel,184716,"(346) 900-5608
",0,2026D
0,0,"Rorie 

",Evan  Ross,184734,"(281) 687-4515
",TAB,2026D
1,0,"Rosales 

",Jose  Luis,184717,"(253) 346-9709
",TAB,2026D
0,0,"Rugley 

",Malik  Myles,184718,"(281) 460-2450
",0,2026D
1,0,"Sanchez 

",Saul  ,184719,"(832) 570-1532
",0,2026D
1,0,"Santana 

",Juan  Jose,184720,"(832) 949-6795
",0,2026D
0,0,"Saucedo 

",Christopher  Alejandro,184721,"(713) 941-9293
",0,2026D
0,0,"Spears 

",Axel  Dawn,184722,"(832) 457-8228
",0,2026D
1,0,"Tapp 

",Luke  Ian,184733,"(210) 560-6632
",0,2026D
0,0,"Thomas 

",Jacorey  Decole,184723,"(832) 392-7136
",0,2026D
1,0,"Tran 

",Vu  ,184724,"(682) 201-4569
",TAB,2026D
1,0,"Vasquez 

",Eduardo  Alfredo,184744,"(915) 777-4034
",0,2026D
1,0,"Velasquez 

",Jose  Angel,184725,"(832) 273-0320
",0,2026D
0,0,"Wallace 

",Jahiem  Dashaun,184740,"(312) 522-2572
",TAB,2026D
,,,,,,,
1,,"Barnes 

",Isaiah  ,185416,0,0,2026G
1,,"Behringer 

",Joseph  Matthew,185528,0,0,2026G
1,,"Bernal 

",Manuel  ,185418,0,0,2026G
1,,"Bolden 

",Tyler  Brandon,185421,0,0,2026G
1,,"Brannan 

",Julian  Tyler,185423,0,0,2026G
0,,"Davalos 

",Marifer  ,185536,0,0,2026G
0,,"Elguezabal 

",Carlos  Antonio,185537,0,0,2026G
1,,"Good 

",Jaxon  Patrick ,185442,0,0,2026G
0,,"Guerrero 

",Miguel  Angel,185526,0,0,2026G
1,,"Kraemer 

",Andrew  Charles,185452,0,0,2026G
1,,"Lee 

",Jacory  Lakeith,185455,0,0,2026G
0,,"Manson 

",Azlynn  Maree,185464,0,0,2026G
0,,"McBride 

",Andrew  Wayne,185471,0,0,2026G
1,,"McGlory 

",Cameron  Lynn,185474,0,0,2026G
1,,"Miles 

",Jarvis  Ramond,185477,0,0,2026G
0,,"Montalvo 

",Michael ,185478,0,0,2026G
1,,"Nieto 

",Vianka  Yedith,185482,0,0,2026G
1,,"Pacheco 

",Christopher  ,185495,0,0,2026G
0,,"Ponce 

",Angel  Jesus,185498,0,0,2026G
0,,"Saksenberg 

",Blake  Andrew,185503,0,0,2026G
1,,"Sanders 

",Clinton  Dean,185505,0,0,2026G
1,,"Thomas  

",Paul  Ellis,185512,0,0,2026G
0,,"Tristan 

",Jacob  Zachary,185515,0,0,2026G
1,,"Velasquez Guerrero 

",Jeffrey  Isai,185517,0,0,2026G
0,,"Velazquez Hernandez 

",Samuel  ,185518,0,0,2026G
,,,,,,,
1,,"Abrego 

",Aiden  King,185405,"(832) 466-3533
",0,2026H
1,,"Aguilar 

",Juan  Carlos,185407,"(832) 517-5914
",0,2026H
1,,"Allee 

",Joseph  Paul,185532,"(832) 278-8992
",0,2026H
1,,"Alonso 

",Hugo  ,185408,"(832) 267-4981
",0,2026H
1,,"Arnold 

",Noah  Bernard,185412,"(713) 309-0669
",0,2026H
0,,"Autrey  

",James  ,185413,"(713) 265-8571
",0,2026H
1,,"Baker 

",Noah  Samuel,185415,"(832) 315-0366
",0,2026H
1,,"Barajas 

",Tony  Luis,185527,"(509) 961-4561
",0,2026H
1,,"Bibbs 

",Brendon  Dashon,185419,"(409) 554-9105
",0,2026H
1,,"Blackmore 

",Lawson  Scott,185420,"(419) 910-0215
",0,2026H
0,,"Bowman  

",David  Bruce,185422,"(317) 371-2149
",0,2026H
1,,"Burg 

",Tyler  Charles,185425,"(281) 725-3154
",0,2026H
1,,"Cantu 

",Michael  Diego,185426,"(832) 690-2842
",0,2026H
1,,"Cardenas 

",Marcos  Abel,185427,"(832) 659-5385
",0,2026H
1,,"Carrasco 

",Marc  Anthony,185428,"(281) 808-1283
",0,2026H
1,,"Chavez 

",Cesar  Anthony,185430,"(713) 497-6323
",0,2026H
1,,"Cobbert 

",Anthony  Michael,185533,"(832) 820-3721
",0,2026H
1,,"Contreras  

",Rafael  ,182503,"(832) 468-8700
",0,2026H
1,,"De Leon 

",Victor  ,185433,"(929) 400-2378
",0,2026H
1,,"Della Sala 

",Anthony  John,185432,"(281) 658-8233
",0,2026H
1,,"Dennis 

",Telley  Sybaster,185434,"(346) 520-3700
",0,2026H
1,,"Evelina 

",Anthony  James,185435,"(352) 408-3232
",0,2026H
0,,"Federowicz 

",Daniel  Patrick,185436,"(732) 908-0430
",0,2026H
0,,"Fitzpatrick 

",Khyon  Amir,185437,"(973) 289-0081
",0,2026H
0,,"Garcia 

",Yair  Alexander,185439,"(346) 542-3812
",0,2026H
1,,"Garza 

",Fernando  ,185440,"(832) 641-8925
",0,2026H
0,,"Gee 

",Jecal  Tariek,185441,"(713) 384-0736
",0,2026H
1,,"Gonzalez 

",Justice  Alexander,185535,"(717) 562-6971
",0,2026H
1,,"Hernandez 

",Eduardo  ,185445,"(281) 906-7920
",0,2026H
0,,"Hernandez 

",Edwin  Cecilio,185446,"(713) 902-9395
",0,2026H
0,,"Hundley 

",Chad  Ihrig,SKILLBRIDGE,"(254) 479-9680
",0,2026H
1,,"Jacobo 

",Jacob  Jhoan Israel,185448,"(832) 571-7695
",0,2026H
0,,"Johnson 

",Julien  Rayshon,185449,"(346) 543-3771
",0,2026H
1,,"Jones 

",Jace  Edward,185450,"(832) 450-6599
",0,2026H
1,,"Juarez Arredondo 

",Braulio  ,185451,"(832) 716-4834
",0,2026H
1,,"Lara 

",Enrique  Alejandro,181046,"(773) 998-8585
",0,2026H
1,,"Laughlin 

",Brooks  Garrett,185424,"(281) 706-6868
",0,2026H
0,,"Lucas 

",Laurence  T,185463,"(630) 696-7704
",0,2026H
1,,"Mallet 

",Lawrence  Tyrone,183432,"(713) 732-6455
",0,2026H
1,,"Martinez 

",Antonio  Jose,185465,"(785) 640-7167
",0,2026H
1,,"Martinez 

",Jason  Francisco,185466,"(346) 714-1963
",0,2026H
1,,"Martinez 

",Jonathan  Obed,185467,"(346) 255-7301
",0,2026H
0,,"Martinez 

",Miguel  Anjel,185468,"(281) 917-1556
",0,2026H
1,,"Matera 

",Nicholas  John,185470,"(862) 432-3477
",0,2026H
1,,"Mccarther 

",Kevin  Bennett,185472,"(832) 318-5424
",0,2026H
1,,"Medina 

",Orlando  Angel,185534,"(713) 201-4498
",0,2026H
1,,"Mee 

",Andrew  Garrett,185475,"(832) 916-7763
",0,2026H
1,,"Mika 

",Antone  Michal,185476,"(713) 775-3926
",0,2026H
0,,"Moore 

",Kendrick  Bilal,185479,"(931) 436-4478
",0,2026H
1,,"Muniz Rodriguez 

",Ivan  ,185480,"(832) 597-0827
",0,2026H
1,,"Myles 

",Devonte  Rohan,185481,"(914) 433-5459
",0,2026H
0,,"Nguyen 

",Albert  ,SKILLBRIDGE,"(254) 291-9963
",0,2026H
1,,"Nunn 

",Colby  Wayne,185483,"(817) 229-4118
",0,2026H
1,,"Oxendine 

",Devin  Allen,185494,"(209) 471-1212
",0,2026H
0,,"Palla 

",Jaxson  Alexander,185496,"(936) 697-9669
",0,2026H
1,,"Perales 

",Faustino  Rafael,185497,"(832) 865-4612
",0,2026H
1,,"Putnam 

",Graysen  Boyd,185499,"(281) 216-5836
",0,2026H
1,,"Ross 

",Richmond  Warfield,180635,"(713) 427-1860
",0,2026H
0,,"Rubio Zavala 

",Efren  Alberto,185502,"(725) 895-6709
",0,2026H
1,,"Salinas 

",Christian  Axel,185504,"(713) 330-5655
",0,2026H
1,,"Schulz 

",Nicholas  Scott,182563,"(650) 793-4465
",0,2026H
0,,"Sejour 

",Niaave  Nahele,185501,"(786) 488-8119
",0,2026H
0,,"Shalilian 

",Ida  ,185507,"(832) 563-1977
",0,2026H
0,,"Spencer 

",Tacory  Curtis,185508,"(909) 329-0888
",0,2026H
1,,"Stewart 

",Jovanni  Malik,185509,"(281) 995-7575
",0,2026H
0,,"Sylvester 

",Darius  Ortize,185510,"(850) 902-2745
",0,2026H
1,,"Todd 

",Kyle  David,185514,"(832) 986-3664
",0,2026H
0,,"Truong 

",Minh  Hoang,185516,"(713) 367-3122
",0,2026H
1,,"Vogel 

",Gunnar  Paul,185521,"(614) 204-9092
",0,2026H
0,,"Walker 

",Jamichael  JaColby,185522,"(832) 938-0256
",0,2026H
1,,"Zapata 

",Erick  Ivan,185524,"(713) 291-6413
",0,2026H
,,,,,,,
1,,"BoClair 

",Ryan  Kendall,183452,0,0,2026I
0,,"Ceeney 

",Charles  Joseph Louis,185883,0,0,2026I
1,,"Fowler 

",Christopher  Lamont,185911,0,0,2026I
1,,"Garrett 

",Nicholas  Hensley,185895,0,0,2026I
1,,"Hadnott 

",Alyssa  Desire,185896,0,0,2026I
1,,"Huffman 

",Kaleb  Aaron,185898,0,0,2026I
1,,"Marrero 

",Kenneth  Jaime,179661,0,0,2026I
1,,"Martinez 

",Pedro  Enrique,185893,0,0,2026I
0,,"Matthews 

",Kalob  Alan McKay,185888,0,0,2026I
1,,"Merryman 

",Eva  Marie,185916,0,0,2026I
0,,"Perez 

",Carlos  Antonio,185920,0,0,2026I
1,,"Perez 

",Johnathan  ,185921,0,0,2026I
0,,"Sampson 

",Anthony  Ryan,185923,0,0,2026I
0,,"Sanchez 

",Martin  Bryan ,185901,0,0,2026I
1,,"Shaw 

",Steven  Terrell,183095,0,0,2026I
1,,"Turmero 

",Gabriel  Alejandro,185928,0,0,2026I
0,,"Visser 

",Jesse  Willem,185917,0,0,2026I
,,,,,,,
1,,"Anderson 

",Zoe  Sierra,185878,"(210) 740-3994
",0,2026J
1,,"Arceneaux 

",Devin  Jovan,185879,"(713) 518-9799
",0,2026J
1,,"Cantu 

",Eduardo  ,185880,"(713) 540-8439
",0,2026J
1,,"Cerda 

",Elijah  ,185881,"(832) 708-8251
",0,2026J
0,,"Chavez 

",Shaston  Alberth,185925,"(774) 414-9221
",0,2026J
1,,"Craig 

",Declan  Thompson,185884,"(757) 560-5674
",0,2026J
1,,"De France 

",Caleb  Jayden,185882,"(832) 244-1085
",0,2026J
1,,"Del Valle 

",Guillermo  ,185894,"(832) 251-6419
",0,2026J
1,,"Goodwin 

",Truman  James,185886,"(832) 702-9823
",0,2026J
1,,"Grizzaffi 

",Frank  William ,185912,"(409) 771-6574
",0,2026J
1,,"Guzman 

",Jose  Angel,185887,"(346) 740-3729
",0,2026J
1,,"Hoskins 

",Devin  Blaze,185897,"(713) 677-9807
",0,2026J
0,,"Jones 

",Xavier  Lee,185913,"(832) 599-2945
",0,2026J
1,,"Lester 

",Alphonso  Joshua,185899,"(323) 681-4143
",0,2026J
0,,"Lopez 

",Diego  Rene,185914,"(281) 995-5423
",0,2026J
0,,"Marion 

",Emanuel  Lejuan,181415,"(662) 306-0356
",0,2026J
1,,"Martinez 

",Julian  Enrique,185915,"(346) 350-7553
",0,2026J
1,,"McMillian 

",Keshon  Tremayne,185926,"(478) 955-1538
",0,2026J
0,,"Munoz 

",Vincent  Alexander,184324,"(713) 294-0196
",0,2026J
1,,"Osorio 

",Randolph  Lionel,185918,"(713) 382-1402
",0,2026J
1,,"Pardillo 

",Ivan  ,185919,"(832) 766-5824
",0,2026J
1,,"Petro 

",Sergio  ,185922,"(832) 898-0037
",0,2026J
1,,"Sanders 

",Caleb  Edward,185889,"(713) 384-1637
",0,2026J
1,,"Sarmiento 

",Diego  ,185924,"(832) 531-5550
",0,2026J
0,,"Spencer 

",Ashley  Kristine,185927,"(951) 594-1014
",0,2026J
1,,"Vera 

",Thomas  Laemmele,185900,"(346) 246-5911
",0,2026J
1,,"Washington 

",Marshall  Alexander,185929,"(901) 426-2053
",0,2026J
1,,"Ybarra 

",Cooper  Alexander,185902,"(713) 498-0723
",0,2026J
